producto_id,categoria,nombre_producto,aseguradora,estado_aseguradora,perfil_objetivo,elegibilidad,estado_elegibilidad,precio,estado_precio,exclusiones,estado_exclusiones
VIDA-01,Personal y Familiar,Seguro de vida Colsubsidio,"NO DISPONIBLE EN FUENTES PÚBLICAS REVISADAS. Se requiere el catálogo comercial vigente, certificado individual, condiciones particulares o confirmación escrita de Colsubsidio/aseguradora.",supuesto_demo,Personas con dependientes o que desean proteger el ingreso familiar ante fallecimiento.,"NO DISPONIBLE EN FUENTES PÚBLICAS REVISADAS. Se requiere el catálogo comercial vigente, certificado individual, condiciones particulares o confirmación escrita de Colsubsidio/aseguradora.",supuesto_demo,Planes publicados desde COP 12.000 mensuales.,verificado,"NO DISPONIBLE EN FUENTES PÚBLICAS REVISADAS. Se requiere el catálogo comercial vigente, certificado individual, condiciones particulares o confirmación escrita de Colsubsidio/aseguradora.",supuesto_demo
VIDAAH-01,Personal y Familiar,Seguro de vida con ahorro,MetLife publica un convenio Colsubsidio con producto de vida con ahorro; debe confirmarse el plan exacto vigente.,verificado,Personas que buscan protección familiar y ahorro disciplinado de mediano/largo plazo.,"NO DISPONIBLE EN FUENTES PÚBLICAS REVISADAS. Se requiere el catálogo comercial vigente, certificado individual, condiciones particulares o confirmación escrita de Colsubsidio/aseguradora.",supuesto_demo,Planes publicados desde COP 20.000 mensuales.,verificado,"NO DISPONIBLE EN FUENTES PÚBLICAS REVISADAS. Se requiere el catálogo comercial vigente, certificado individual, condiciones particulares o confirmación escrita de Colsubsidio/aseguradora.",supuesto_demo
EXEQ-01,Personal y Familiar,Seguro o asistencia exequial Colsubsidio,Grupo Recordar aparece como aliado/canal de atención del producto público.,verificado,Familias que desean evitar el impacto financiero y logístico de un fallecimiento.,"NO DISPONIBLE EN FUENTES PÚBLICAS REVISADAS. Se requiere el catálogo comercial vigente, certificado individual, condiciones particulares o confirmación escrita de Colsubsidio/aseguradora.",supuesto_demo,Planes publicados desde COP 26.000 mensuales.,verificado,"NO DISPONIBLE EN FUENTES PÚBLICAS REVISADAS. Se requiere el catálogo comercial vigente, certificado individual, condiciones particulares o confirmación escrita de Colsubsidio/aseguradora.",supuesto_demo
AP-CHUBB-01,Personal y Familiar,Seguro colectivo de accidentes personales Colsubsidio - Chubb,Chubb Seguros Colombia S.A.,verificado,"Personas que buscan protección económica ante accidente, incapacidad, fractura u otros eventos accidentales.",Para cobertura adicional de fracturas: ingreso 18 a 65 años + 364 días y permanencia hasta 69 años + 364 días. Otras coberturas pueden variar.,verificado,La prima figura en el certificado; puede ajustarse anualmente por IPC y la aseguradora puede modificarla con aviso.,verificado,"NO DISPONIBLE EN FUENTES PÚBLICAS REVISADAS. Se requiere el catálogo comercial vigente, certificado individual, condiciones particulares o confirmación escrita de Colsubsidio/aseguradora.",supuesto_demo
APDIG-CHUBB-01,Personal y Familiar,Accidentes personales ventas digitales - Chubb/Colsubsidio,Chubb Seguros Colombia S.A.,verificado,Usuario digital que busca protección sencilla y contratación autogestionada.,Coberturas particulares: ingreso 18 a 65 años + 364 días y permanencia hasta 69 años + 364 días.,verificado,Prima en certificado y posible ajuste por IPC.,verificado,"NO DISPONIBLE EN FUENTES PÚBLICAS REVISADAS. Se requiere el catálogo comercial vigente, certificado individual, condiciones particulares o confirmación escrita de Colsubsidio/aseguradora.",supuesto_demo
APEXEQ-PAL-01,Personal y Familiar,Accidentes personales con servicio exequial,Pan-American Life Insurance Group aparece como aliado del producto público.,verificado,Personas sensibles al precio que buscan protección básica por accidente y apoyo funerario.,"NO DISPONIBLE EN FUENTES PÚBLICAS REVISADAS. Se requiere el catálogo comercial vigente, certificado individual, condiciones particulares o confirmación escrita de Colsubsidio/aseguradora.",supuesto_demo,Publicado desde COP 14.000 mensuales.,verificado,"NO DISPONIBLE EN FUENTES PÚBLICAS REVISADAS. Se requiere el catálogo comercial vigente, certificado individual, condiciones particulares o confirmación escrita de Colsubsidio/aseguradora.",supuesto_demo
ONCO-CHUBB-01,Personal y Familiar,Producto Oncológico Chubb - Convenio Colsubsidio,Chubb Seguros Colombia S.A.,verificado,Adultos que buscan respaldo económico ante primer diagnóstico de cáncer y protección de vida.,Ingreso de 18 a 64 años + 364 días; permanencia hasta 65 años + 364 días.,verificado,"Prima en el certificado; puede ser anual, semestral, trimestral, mensual o única.",verificado,"Cáncer preexistente; para vida básica, suicidio durante los primeros 12 meses; demás exclusiones del clausulado/certificado.",verificado
URB-CHUBB-01,Personal y Familiar,Producto Protección Urbana Chubb - Convenio Colsubsidio,Chubb Seguros Colombia S.A.,verificado,Personas que desean proteger bienes adquiridos mediante el medio/establecimiento definido en el certificado.,"El bien debe cumplir las reglas de compra, medio de pago y establecimiento definidas por el producto/certificado.",verificado,Prima indicada en el certificado; debe pagarse en el plazo allí definido.,verificado,"NO DISPONIBLE EN FUENTES PÚBLICAS REVISADAS. Se requiere el catálogo comercial vigente, certificado individual, condiciones particulares o confirmación escrita de Colsubsidio/aseguradora.",supuesto_demo
SALUD-01,Personal y Familiar,Póliza de salud Colsubsidio,"NO DISPONIBLE EN FUENTES PÚBLICAS REVISADAS. Se requiere el catálogo comercial vigente, certificado individual, condiciones particulares o confirmación escrita de Colsubsidio/aseguradora.",supuesto_demo,Personas que buscan complementar la atención de salud con acceso preferencial a clínicas y especialistas.,"NO DISPONIBLE EN FUENTES PÚBLICAS REVISADAS. Se requiere el catálogo comercial vigente, certificado individual, condiciones particulares o confirmación escrita de Colsubsidio/aseguradora.",supuesto_demo,"NO DISPONIBLE EN FUENTES PÚBLICAS REVISADAS. Se requiere el catálogo comercial vigente, certificado individual, condiciones particulares o confirmación escrita de Colsubsidio/aseguradora.",supuesto_demo,"NO DISPONIBLE EN FUENTES PÚBLICAS REVISADAS. Se requiere el catálogo comercial vigente, certificado individual, condiciones particulares o confirmación escrita de Colsubsidio/aseguradora.",supuesto_demo
ASMED-01,Personal y Familiar,Asistencias médicas familiares,GEA aparece como aliado/prestador en la información pública.,verificado,Familias que buscan orientación y acceso rápido a servicios médicos básicos/especializados.,"NO DISPONIBLE EN FUENTES PÚBLICAS REVISADAS. Se requiere el catálogo comercial vigente, certificado individual, condiciones particulares o confirmación escrita de Colsubsidio/aseguradora.",supuesto_demo,Planes publicados desde COP 16.800 mensuales.,verificado,"NO DISPONIBLE EN FUENTES PÚBLICAS REVISADAS. Se requiere el catálogo comercial vigente, certificado individual, condiciones particulares o confirmación escrita de Colsubsidio/aseguradora.",supuesto_demo
VIAJE-01,Personal y Familiar,Asistencia médica en viajes,"NO DISPONIBLE EN FUENTES PÚBLICAS REVISADAS. Se requiere el catálogo comercial vigente, certificado individual, condiciones particulares o confirmación escrita de Colsubsidio/aseguradora.",supuesto_demo,Viajeros con fecha/destino definidos que desean respaldo médico y de asistencia 24/7.,"NO DISPONIBLE EN FUENTES PÚBLICAS REVISADAS. Se requiere el catálogo comercial vigente, certificado individual, condiciones particulares o confirmación escrita de Colsubsidio/aseguradora.",supuesto_demo,"Depende de destino, duración, edad, viajeros y cobertura; no hay tarifa pública fija revisada.",verificado,"NO DISPONIBLE EN FUENTES PÚBLICAS REVISADAS. Se requiere el catálogo comercial vigente, certificado individual, condiciones particulares o confirmación escrita de Colsubsidio/aseguradora.",supuesto_demo
ASMULT-01,Personal y Familiar,Asistencias múltiples,GEA aparece como aliado/prestador.,verificado,Hogares que valoran un paquete económico de ayuda cotidiana y emergencias menores.,"NO DISPONIBLE EN FUENTES PÚBLICAS REVISADAS. Se requiere el catálogo comercial vigente, certificado individual, condiciones particulares o confirmación escrita de Colsubsidio/aseguradora.",supuesto_demo,Planes publicados desde COP 20.000 mensuales.,verificado,"NO DISPONIBLE EN FUENTES PÚBLICAS REVISADAS. Se requiere el catálogo comercial vigente, certificado individual, condiciones particulares o confirmación escrita de Colsubsidio/aseguradora.",supuesto_demo
HOGAR-01,Hogar,Seguro para el hogar y su contenido,"NO DISPONIBLE EN FUENTES PÚBLICAS REVISADAS. Se requiere el catálogo comercial vigente, certificado individual, condiciones particulares o confirmación escrita de Colsubsidio/aseguradora.",supuesto_demo,"Propietarios o arrendatarios que desean proteger vivienda, contenido y continuidad del hogar.","NO DISPONIBLE EN FUENTES PÚBLICAS REVISADAS. Se requiere el catálogo comercial vigente, certificado individual, condiciones particulares o confirmación escrita de Colsubsidio/aseguradora.",supuesto_demo,"NO DISPONIBLE EN FUENTES PÚBLICAS REVISADAS. Se requiere el catálogo comercial vigente, certificado individual, condiciones particulares o confirmación escrita de Colsubsidio/aseguradora.",supuesto_demo,"NO DISPONIBLE EN FUENTES PÚBLICAS REVISADAS. Se requiere el catálogo comercial vigente, certificado individual, condiciones particulares o confirmación escrita de Colsubsidio/aseguradora.",supuesto_demo
ARRENDA-01,Hogar,Seguro de arrendamiento Colsubsidio,"NO DISPONIBLE EN FUENTES PÚBLICAS REVISADAS. Se requiere el catálogo comercial vigente, certificado individual, condiciones particulares o confirmación escrita de Colsubsidio/aseguradora.",supuesto_demo,Propietarios que quieren protección ante impago y arrendatarios que requieren respaldo para acceder al inmueble.,"NO DISPONIBLE EN FUENTES PÚBLICAS REVISADAS. Se requiere el catálogo comercial vigente, certificado individual, condiciones particulares o confirmación escrita de Colsubsidio/aseguradora.",supuesto_demo,"NO DISPONIBLE EN FUENTES PÚBLICAS REVISADAS. Se requiere el catálogo comercial vigente, certificado individual, condiciones particulares o confirmación escrita de Colsubsidio/aseguradora.",supuesto_demo,"NO DISPONIBLE EN FUENTES PÚBLICAS REVISADAS. Se requiere el catálogo comercial vigente, certificado individual, condiciones particulares o confirmación escrita de Colsubsidio/aseguradora.",supuesto_demo
CARRO-01,Movilidad,Seguro para carro Colsubsidio,"NO DISPONIBLE EN FUENTES PÚBLICAS REVISADAS. Se requiere el catálogo comercial vigente, certificado individual, condiciones particulares o confirmación escrita de Colsubsidio/aseguradora.",supuesto_demo,"Propietarios/conductores que desean cubrir daños, hurto, responsabilidad y asistencia.","NO DISPONIBLE EN FUENTES PÚBLICAS REVISADAS. Se requiere el catálogo comercial vigente, certificado individual, condiciones particulares o confirmación escrita de Colsubsidio/aseguradora.",supuesto_demo,"NO DISPONIBLE EN FUENTES PÚBLICAS REVISADAS. Se requiere el catálogo comercial vigente, certificado individual, condiciones particulares o confirmación escrita de Colsubsidio/aseguradora.",supuesto_demo,"NO DISPONIBLE EN FUENTES PÚBLICAS REVISADAS. Se requiere el catálogo comercial vigente, certificado individual, condiciones particulares o confirmación escrita de Colsubsidio/aseguradora.",supuesto_demo
MOTO-01,Movilidad,Seguro para moto Colsubsidio,"NO DISPONIBLE EN FUENTES PÚBLICAS REVISADAS. Se requiere el catálogo comercial vigente, certificado individual, condiciones particulares o confirmación escrita de Colsubsidio/aseguradora.",supuesto_demo,"Motociclistas, especialmente quienes usan la moto para trabajo y requieren movilidad/RC.","NO DISPONIBLE EN FUENTES PÚBLICAS REVISADAS. Se requiere el catálogo comercial vigente, certificado individual, condiciones particulares o confirmación escrita de Colsubsidio/aseguradora.",supuesto_demo,"NO DISPONIBLE EN FUENTES PÚBLICAS REVISADAS. Se requiere el catálogo comercial vigente, certificado individual, condiciones particulares o confirmación escrita de Colsubsidio/aseguradora.",supuesto_demo,"NO DISPONIBLE EN FUENTES PÚBLICAS REVISADAS. Se requiere el catálogo comercial vigente, certificado individual, condiciones particulares o confirmación escrita de Colsubsidio/aseguradora.",supuesto_demo
BICI-01,Movilidad,Seguro de bicicleta y patineta,"NO DISPONIBLE EN FUENTES PÚBLICAS REVISADAS. Se requiere el catálogo comercial vigente, certificado individual, condiciones particulares o confirmación escrita de Colsubsidio/aseguradora.",supuesto_demo,"Usuarios de bici, scooter o patineta que desean protección frente a hurto/daño y terceros.","NO DISPONIBLE EN FUENTES PÚBLICAS REVISADAS. Se requiere el catálogo comercial vigente, certificado individual, condiciones particulares o confirmación escrita de Colsubsidio/aseguradora.",supuesto_demo,"NO DISPONIBLE EN FUENTES PÚBLICAS REVISADAS. Se requiere el catálogo comercial vigente, certificado individual, condiciones particulares o confirmación escrita de Colsubsidio/aseguradora.",supuesto_demo,"NO DISPONIBLE EN FUENTES PÚBLICAS REVISADAS. Se requiere el catálogo comercial vigente, certificado individual, condiciones particulares o confirmación escrita de Colsubsidio/aseguradora.",supuesto_demo
SOAT-01,Movilidad,Seguro obligatorio de accidentes de tránsito (SOAT),"NO DISPONIBLE EN FUENTES PÚBLICAS REVISADAS. Se requiere el catálogo comercial vigente, certificado individual, condiciones particulares o confirmación escrita de Colsubsidio/aseguradora.",supuesto_demo,Propietarios de vehículos obligados a mantener SOAT vigente.,"NO DISPONIBLE EN FUENTES PÚBLICAS REVISADAS. Se requiere el catálogo comercial vigente, certificado individual, condiciones particulares o confirmación escrita de Colsubsidio/aseguradora.",supuesto_demo,Tarifa regulada por categoría del vehículo y vigencia; no usar precio genérico.,verificado,"NO DISPONIBLE EN FUENTES PÚBLICAS REVISADAS. Se requiere el catálogo comercial vigente, certificado individual, condiciones particulares o confirmación escrita de Colsubsidio/aseguradora.",supuesto_demo
PET-SEG-01,Mascotas,Seguro para perro y gato,"NO DISPONIBLE EN FUENTES PÚBLICAS REVISADAS. Se requiere el catálogo comercial vigente, certificado individual, condiciones particulares o confirmación escrita de Colsubsidio/aseguradora.",supuesto_demo,"Tutores que buscan respaldo ante urgencias, enfermedad, accidente y daños a terceros.","NO DISPONIBLE EN FUENTES PÚBLICAS REVISADAS. Se requiere el catálogo comercial vigente, certificado individual, condiciones particulares o confirmación escrita de Colsubsidio/aseguradora.",supuesto_demo,"NO DISPONIBLE EN FUENTES PÚBLICAS REVISADAS. Se requiere el catálogo comercial vigente, certificado individual, condiciones particulares o confirmación escrita de Colsubsidio/aseguradora.",supuesto_demo,"NO DISPONIBLE EN FUENTES PÚBLICAS REVISADAS. Se requiere el catálogo comercial vigente, certificado individual, condiciones particulares o confirmación escrita de Colsubsidio/aseguradora.",supuesto_demo
PET-PREP-01,Mascotas,Medicina prepagada para mascotas,"NO DISPONIBLE EN FUENTES PÚBLICAS REVISADAS. Se requiere el catálogo comercial vigente, certificado individual, condiciones particulares o confirmación escrita de Colsubsidio/aseguradora.",supuesto_demo,Tutores que prefieren acceso frecuente a red veterinaria y costos previsibles.,"NO DISPONIBLE EN FUENTES PÚBLICAS REVISADAS. Se requiere el catálogo comercial vigente, certificado individual, condiciones particulares o confirmación escrita de Colsubsidio/aseguradora.",supuesto_demo,Precio público revisado: gatos desde COP 81.800/mes y perros desde COP 96.600/mes.,verificado,"NO DISPONIBLE EN FUENTES PÚBLICAS REVISADAS. Se requiere el catálogo comercial vigente, certificado individual, condiciones particulares o confirmación escrita de Colsubsidio/aseguradora.",supuesto_demo
PET-ASIS-01,Mascotas,Asistencia veterinaria,"NO DISPONIBLE EN FUENTES PÚBLICAS REVISADAS. Se requiere el catálogo comercial vigente, certificado individual, condiciones particulares o confirmación escrita de Colsubsidio/aseguradora.",supuesto_demo,Tutores que buscan apoyo básico de bajo costo y orientación 24/7.,"NO DISPONIBLE EN FUENTES PÚBLICAS REVISADAS. Se requiere el catálogo comercial vigente, certificado individual, condiciones particulares o confirmación escrita de Colsubsidio/aseguradora.",supuesto_demo,Planes publicados desde COP 14.500 mensuales.,verificado,"NO DISPONIBLE EN FUENTES PÚBLICAS REVISADAS. Se requiere el catálogo comercial vigente, certificado individual, condiciones particulares o confirmación escrita de Colsubsidio/aseguradora.",supuesto_demo
DEUDOR-VIDA-01,Crédito,Seguro de vida deudor Colsubsidio,"NO DISPONIBLE EN FUENTES PÚBLICAS REVISADAS. Se requiere el catálogo comercial vigente, certificado individual, condiciones particulares o confirmación escrita de Colsubsidio/aseguradora.",supuesto_demo,Titulares de crédito que deben proteger el saldo y a sus herederos/beneficiarios.,"NO DISPONIBLE EN FUENTES PÚBLICAS REVISADAS. Se requiere el catálogo comercial vigente, certificado individual, condiciones particulares o confirmación escrita de Colsubsidio/aseguradora.",supuesto_demo,Prima calculada dentro del crédito o sobre saldo/valor asegurado; falta fórmula vigente.,verificado,"NO DISPONIBLE EN FUENTES PÚBLICAS REVISADAS. Se requiere el catálogo comercial vigente, certificado individual, condiciones particulares o confirmación escrita de Colsubsidio/aseguradora.",supuesto_demo
DESEMP-01,Crédito,Seguro de desempleo Colsubsidio,Pan-American Life aparece en la información pública del producto/proceso.,verificado,Empleados con riesgo de desempleo involuntario e independientes con riesgo de incapacidad temporal.,"NO DISPONIBLE EN FUENTES PÚBLICAS REVISADAS. Se requiere el catálogo comercial vigente, certificado individual, condiciones particulares o confirmación escrita de Colsubsidio/aseguradora.",supuesto_demo,Prima asociada a la línea de crédito; fórmula no disponible públicamente.,verificado,"NO DISPONIBLE EN FUENTES PÚBLICAS REVISADAS. Se requiere el catálogo comercial vigente, certificado individual, condiciones particulares o confirmación escrita de Colsubsidio/aseguradora.",supuesto_demo
INCENDIO-DEUDOR-01,Crédito,Seguro de incendio deudores,"NO DISPONIBLE EN FUENTES PÚBLICAS REVISADAS. Se requiere el catálogo comercial vigente, certificado individual, condiciones particulares o confirmación escrita de Colsubsidio/aseguradora.",supuesto_demo,Deudores hipotecarios obligados a proteger el inmueble dado en garantía.,"NO DISPONIBLE EN FUENTES PÚBLICAS REVISADAS. Se requiere el catálogo comercial vigente, certificado individual, condiciones particulares o confirmación escrita de Colsubsidio/aseguradora.",supuesto_demo,Prima asociada al valor asegurable y crédito; fórmula vigente no disponible.,verificado,"NO DISPONIBLE EN FUENTES PÚBLICAS REVISADAS. Se requiere el catálogo comercial vigente, certificado individual, condiciones particulares o confirmación escrita de Colsubsidio/aseguradora.",supuesto_demo
